Product Name,discounted Price,original Price
Light Blue Cotton Melange Shirt,₹649,1499
Men's Printed Indigo Shirt,₹899,1399
Green Cotton Melange Shirt,₹749,1499
Gibral Tar Sea Mandarin Collar Half Sleeve Shirt,₹899,1249
Men's Blue Slim Fit Casual Melange Shirt,₹799,1299
Men's Lt Blue Casual Slim Fit Over Dyed Shirt,₹799,1299
Navy AOP Blue Shirt,₹649,1499
Comfort Stretch Pique Knit White Shirt,₹699,1299
Men White AOP Slim Fit Casual Shirt,₹449,1299
Bubble Gum Shirt,₹799,1599
Men's Linen Color Block Pocket Half Sleeves Shirt,₹899,1649
Mens Checks Pocket Casual Shirt,₹649,1499
Dark Blue Casual Over Dyed Shirt,₹999,1299
Men's Slim Fit Casual Indigo Shirt,₹649,1299
Black Mandarin Collar Half Sleeve Shirt,₹899,1249
Mens Sleeveless Checks Hoodie Shirt,₹649,1399
Tusok Men Short Sleeve Cotton Printed Blue Yellow Pineapple Shirt,₹759,949
Hangup Solid Casual Shirt,₹699,999
Black Solid Half Sleeve Shirt,₹799,1249
Hangup Solid Casual Shirt,₹699,999
Shaded Spurce Solid Half Sleeve Shirt,₹799,1249
Ceylon Yellow Mandarin Collar Half Sleeve Shirt,₹899,1249
White Mandrin CollarPique Half Sleeve Shirt,₹899,1249
Men's Navy Slim Fit Casual Oxford Shirt,₹699,1299
Men Checks Casual Spread Shirt,₹674,1499
Hangup Solid Casual Shirt,₹799,1599
Arcade Green Checks Casual Shirt,₹899,1299
Blue Poplin Print Shirt,₹699,1399
Pink Blue Cotton Melange Shirt,₹649,1499
Pink Cotton Melange Shirt,₹649,1499
AOP Satin Print Half Sleeve Shirt,₹649,1449
Men's Slim Fit Casual Cotton Indigo Shirt,₹599,1299
Men's Pink Slim Fit Casual Indigo Shirt,₹649,1299
Men Color Block Casual Spread Shirt,₹719,1599
Men Checks Stylish New Trends Spread Casual Shirt,₹749,1499
Men Maroon Poplin Lycra Slim Fit Casual Shirt,₹699,1299
Mens Checks Hoodie Shirt,₹699,1799
White Prnt Twill Lycra Print Shirt,₹649,1499
Tusok Men Short Sleeve Cotton Printed Green Shirt,₹799,949
Men's Black Slim Fit Casual Oxford Shirt,₹999,1299
Men's Linen Color Block Half Sleeves Shirt,₹899,1549
White Seersucker Slim Fit Casual Shirt,₹899,1299
Mens Checks Pocket Casual Shirt,₹699,1499
Mens Sleeveless Checks Hoodie Shirt,₹649,1399
Campus Sutra Men Stylish Striped Full Sleeve Casual Shirts,₹959,1599
Beach Blue Comfort Stretch Pique Shirt,₹749,1299
Comfort Stretch Pique Knit Mustard Shirt,₹699,1299
Comfort Pique Knit Navy Shirt,₹699,1299
Men White AOP Slim Fit Casual Shirt,₹799,1299
Heather Rose Mandarin Collar Half Sleeve Shirt,₹899,1249
Mens Checks Hoodie Shirt,₹699,1799
Mens Checks Pocket Casual Shirt,₹699,1499
Men's Printed Mandarin Collar T-Shirt,₹549,1199
Arcade Green Mandarin Collor Pique Shirt,₹849,1299
Men's Printed Half Sleeves Plus Shirt,₹899,1749
Men's Printed Half Sleeves Plus Shirt,₹899,1749
Men's Printed Half Sleeves Plus Shirt,₹899,1749
Men's Printed Full Sleeves Plus Shirt,₹999,2099
Men's Printed Half Sleeves Plus Shirt,₹899,1799
Men's Printed Mandarin Collar Plus Shirt,₹999,2049
Maroon Poplin Print Slim Fit Shirt,₹799,1399
Seashell Pink Solid Half Sleeve Shirt,₹799,1249
Olive Madarin Collar Print Shirt,₹1049,1399
Men's Linen Color Block Pocket Half Sleeves Shirt,₹899,1649
Men's Linen Color Block Half Sleeves Shirt,₹899,1549
Men's Linen Contrast Full Sleeves Shirt,₹999,1799
Campus Sutra Men Casual Checkered Shirt,₹749,1499
Men Maroon Seersucker Slim Fit Casual Shirt,₹999,1299
Men's Linen Contrast Full Sleeves Shirt,₹999,1799
Men's Linen Mandarin Collar Pocket Full Sleeves Shirt,₹999,1799
Men's Lt Blue Slim Fit Casual Oxford Shirt,₹799,1299
Men AOP Slim Fit Casual Shirt,₹749,1299
Tusok Men Short Sleeve Cotton Printed Jaipuri Block Blue Shirt,₹759,949
Hangup Solid Casual Shirt,₹699,999
The Bear House Men'S Blue Printed Denim Shirt,₹1202,2795
Men's Navy Casual Slim Fit Corduroy Shirts,₹599,1299
Citron Solid Half Sleeve Shirt,₹799,1249
Men's Yellow Slim Fit Casual Indigo Shirt,₹849,1299
The Bear House Printed Casual Shirt,₹858,1995
Campus Sutra Men Casual Shirts,₹799,1599
The Bear House Men'S Short Sleeves Printed Shirt,₹798,1995
Tusok Men Short Sleeve Cotton Printed Graphic White Shirt,₹799,949
Men's Printed Indigo Shirt,₹899,1399
Men Dk Grey Poplin Lycra Slim Fit Casual Shirt,₹799,1299
Men's Printed Indigo Shirt,₹899,1399
Tusok Men Long Sleeve Cotton Printed White Graphical Surfer Shirt,₹799,949
Tusok Men Short Sleeve Cotton Printed Mapple Neon Green Shirt,₹799,949
Beige Cotton Melange Shirt,₹649,1499
Men's Linen Color Block Half Sleeves Shirt,₹899,1599
Blue Seersucker Slim Fit Casual Shirt,₹899,1299
The Bear House The Bear House Cotton-Linen Button-Down Shirt,₹689,2295
Men's Linen Color Block Half Sleeves Shirt,₹899,1599
Men AOP Slim Fit Casual Shirt,₹599,1299
Tusok Men Short Sleeve Rayon Printed Red Blue Shirt,₹799,949
Men's Dk Olive Slim Fit Casual Oxford Shirt,₹649,1299
Men Navy AOP Slim Fit Casual Shirt,₹699,1299
Campus Sutra Men Casual Shirts,₹799,1599
Grey Print AOP Shirt,₹599,1399
White Twill Lycra Print Shirt,₹599,1499
Men's Linen Mandarin Collar Pocket Full Sleeves Shirt,₹999,1799
Men Solid Stylish New Trends Casual Spread Shirt,₹799,1599
Men Checks Stylish New Trends Spread Casual Shirt,₹719,1599
Retro Red Stripe Shirt,₹799,1299
Style Quotient Mens Grey Solid Shirt,₹629,1299
Hangup Printed Casual Daily Wear Shirt,₹699,1999
Tusok Men Short Sleeve Cotton Printed Leafy Pink Floral Shirt,₹799,949
Campus Sutra Men Stylish Casual Shirt,₹674,1499
Tusok Men Short Sleeve Cotton Printed Brown Flamingo Bird Blue Grey Shirt,₹799,949
White Pique Half Sleeve Shirt,₹799,1249
Men's Linen Mandarin Collar Pocket Full Sleeves Shirt,₹999,1799
The Bear House Men'S Blue Printed Shirt,₹873,2495
Campus Sutra Men Solid Full Sleeve Chinese Collar Stylish Casual Shirts,₹749,1499
Hangup Printed Casual Daily Wear Shirt,₹699,1999
Men's Dark Grey Casual Twill Over Dyed Slim Fit Shirts,₹799,1299
Grey Camo Full Sleeve Camo Shirt,₹799,1049
Light Blue Twill Lycra Print Shirt,₹649,1499
White Twill Lycra Print Shirt,₹649,1499
Olive Camo Full Sleeve Camo Shirt,₹799,1049
Tusok Men Short Sleeve Cotton Printed Neon Cream Shirt,₹799,949
Men Military Camouflage Casual Spread Shirt,₹719,1599
Tusok Men Short Sleeve Cotton Printed Pink Peach Grey Leafy Shirt,₹799,949
Camo Print AOP Shirt,₹799,1399
Beach Blue Mandarin Collar Shirt,₹699,999
Tusok Men Short Sleeve Cotton Printed Peach Pink Pineapple Shirt,₹799,949
The Bear House Men'S Paisley Print Shirt,₹998,2495
The Bear House Cotton-Linen Button-Down Shirt,₹574,2295
School Ruined My Life Shirt,₹699,1399
Tusok Men Short Sleeve Cotton Printed Blue Feather Pink Shirt,₹759,949
Campus Sutra Men Checkered Casual Spread Shirt,₹749,1499
Men Striped Stylish New Trends Casual Spread Shirt,₹749,1499
Style Quotient Men Charcoal Grey & Blue Paisley Print Smart Shirt,₹599,1399
The Bear House Printed Casual Shirt,₹858,1995
Hangup Printed Casual Daily Wear Shirt,₹599,1199
Men's Navy Slim Fit Casual Check Shirt,₹799,1299
The Bear House Men'S Blue Printed Casual Shirt,₹798,1995
AOP Satin Print Half Sleeve Shirt,₹649,1449
Tusok Men Short Sleeve Cotton Printed Graphic on Beige Shirt,₹799,949
Men Checks Casual Spread Shirt,₹719,1599
The Bear House Men'S Blue Solid Cotton-Linen Casual Shirt,₹873,2495
Men's Teal Slim Fit Casual Oxford Shirt,₹549,1299
Hangup Solid Casual Shirt,₹703,1599
Tusok Men Short Sleeve Cotton Printed Navy Blue Island Shirt,₹799,949
Tusok Men Short Sleeve Cotton Printed Pink White Shirt,₹799,949
The Bear House Men'S Blue Core Denim Shirt,₹1258,2795
Campus Sutra Men Solid Full Sleeve Stylish Casual Shirts,₹824,1499
Campus Sutra Men Checkered Casual Shirt,₹749,1499
Campus Sutra Men Casual Shirts,₹799,1599
Campus Sutra Men Checks Casual Shirt,₹749,1499
The Bear House Printed Casual Shirt,₹858,1995
The Bear House Printed Casual Shirt,₹898,1995
Instafab Plus Men Plus Size Solid Stylish Casual Shirts,₹1099,1999
The Bear House Printed Casual Shirt,₹998,1995
The Bear House Men's Printed Bowling Collar Shirt,₹1097,1995
The Bear House Printed Casual Shirt,₹689,2295
Men Navy AOP Slim Fit Casual Shirt,₹599,1299
The Bear House Men's Printed Bowling Collar Shirt,₹1097,1995
Campus Sutra Men Stylish Graphic Design Full Sleeve Casual Shirts,₹959,1599
Men White AOP Slim Fit Casual Shirt,₹599,1299
Tusok Men Short Sleeve Cotton Printed Brown Palm Tree Pink Shirt,₹799,949
The Bear House Printed Casual Shirt,₹898,1995
White SLUB Shirt,₹1049,1399
Tusok Men Short Sleeve Rayon Printed Blue White Abstract Shirt,₹799,949
Campus Sutra Men Stylish Checks Full Sleeve Casual Shirts,₹959,1599
Yolo Yellow Stripe Shirt,₹699,1399
Tusok Men Short Sleeve Rayon Printed Leafy Green Shirt,₹799,949
Hangup Printed Casual Daily Wear Shirt,₹699,1999
Campus Sutra Men Solid Stylish Half Sleeve Casual Shirts,₹674,1499
Campus Sutra Men Solid Stylish Half Sleeve Casual Shirts,₹824,1499
The Bear House Men'S Blue Printed Casual Shirt,₹798,1995
Hangup Printed Casual Daily Wear Shirt,₹699,1999
Hangup Printed Casual Daily Wear Shirt,₹699,1999
The Bear House Printed Casual Shirt,₹998,1995
The Bear House Men's Printed Bowling Collar Shirt,₹798,1995
Mens Checks Double Pocket Shirt,₹899,1799
Fugazee Snake Skin Printed Cuban Shirt,₹750,1499
Tusok Men Short Sleeve Cotton Printed Multicolor Fish White Shirt,₹759,949
Campus Sutra Men Stylish Casual Shirt,₹749,1499
Tusok Men Short Sleeve Cotton Printed Scenery Green Scenic Shirt,₹799,949
Hangup Solid Casual Shirt,₹699,999
Campus Sutra Cotton Shirt for men,₹699,1399
Hangup Printed Casual Daily Wear Shirt,₹699,1999
Instafab Plus Men Plus Size Checks Stylish Casual Shirts,₹1099,1999
Campus Sutra Men Stylish Casual Shirt,₹824,1499
Campus Sutra Men Casual Shirts,₹799,1599
Hangup Solid Casual Shirt,₹699,999
Men Black AOP Slim Fit Casual Shirt,₹749,1299
White Poplin Print Shirt,₹899,1399
Men's Beige Casual Slim Fit Over Dyed Shirts,₹899,1299
Campus Sutra Men Stylish Casual Shirt,₹824,1499
Campus Sutra Men Casual Shirts,₹799,1599
Tusok Men Short Sleeve Cotton Printed Pink Shirt,₹799,949
Men's White Checks Slim Fit Casual Shirt,₹799,1299
Campus Sutra Men Checks Stylish Casual Shirts,₹799,1599
The Bear House Printed Casual Shirt,₹898,1995
Tusok Men Short Sleeve Cotton Printed Black Pineapple White Shirt,₹759,949
Campus Sutra Men Stylish Casual Shirt,₹674,1499
Mens Checks Double Pocket Shirt,₹799,1799
Dark Blue Poplin Print Shirt,₹699,1399
Campus Sutra Men Striped Stylish Half Sleeve Casual Shirts,₹674,1499
Men's Printed Half Sleeves Plus Shirt,₹899,1799
Men's Printed Full Sleeves Plus Shirt,₹999,2099
Men's Printed Half Sleeves Plus Shirt,₹899,1799
Men's Printed Half Sleeves Plus Shirt,₹899,1799
Men's Printed Half Sleeves Plus Shirt,₹899,1799
Men's Printed Half Sleeves Plus Shirt,₹899,1799
Campus Sutra Men Stylish Casual Shirt,₹674,1499
Campus Sutra Men Stylish Casual Shirt,₹674,1499
Campus Sutra Men Stylish Casual Shirt,₹674,1499
Fugazee Tropical Banana Printed Cuban Shirt,₹899,1499
Hangup Printed Casual Daily Wear Shirt,₹599,1199
Men Solid Stylish New Trends Casual Spread Shirt,₹799,1599
Mens Sleeveless Checks Hoodie Shirt,₹649,1399
Campus Sutra Men Stylish Casual Shirt,₹674,1499
Style Quotient Mens Blue Solid Shirt,₹629,1299
Campus Sutra Men Black Regular Fit Solid Casual Shirt,₹749,1499
Campus Sutra Men Stylish Casual Shirt,₹749,1499
Hangup Printed Casual Daily Wear Shirt,₹599,1199
Campus Sutra Men Stylish Casual Shirt,₹674,1499
Men Solid Stylish New Trends Casual Spread Shirt,₹749,1499
Hangup Solid Casual Shirt,₹699,999
The Bear House Men'S Blue Striped Shirt,₹1123,2495
Men's White Checks Slim Fit Casual Shirt,₹799,1299
Tusok Men Short Sleeve Cotton Printed Boat on Navy Blue Shirt,₹799,949
Hangup Solid Casual Shirt,₹699,999
Hangup Printed Casual Daily Wear Shirt,₹699,1999
Hangup Printed Casual Daily Wear Shirt,₹699,1999
Campus Sutra Men Stylish Casual Shirt,₹674,1499
Tusok Men Short Sleeve Cotton Printed Flamingo Black Shirt,₹799,949
Tusok Men Short Sleeve Cotton Printed Graphic White Sanfrancisco Shirt,₹759,949
Hangup Printed Casual Daily Wear Shirt,₹699,1999
Campus Sutra Men Solid Full Sleeve Chinese Collar Stylish Casual Shirts,₹899,1499
Men Checks Casual Stylish Spread Shirt,₹799,1599
Men Checks Casual Stylish Spread Shirt,₹674,1499
Tusok Men Short Sleeve Cotton Printed White Black Leafy Floral Shirt,₹759,949
Campus Sutra Men Casual Shirts,₹749,1499
Men Lt Blue Poplin Lycra Slim Fit Casual Shirt,₹799,1299
The Bear House Men'S Short Sleeves Printed Shirt,₹798,1995
The Bear House Men'S Yellow Printed Casual Shirt,₹698,1995
Men AOP Slim Fit Casual Shirt,₹749,1299
Hangup Printed Casual Daily Wear Shirt,₹599,1199
Style Quotient Mens Green Floral Print Shirt,₹629,1499
Men's Lt Yellow Slim Fit Casual Indigo Shirt,₹599,1299
Tusok Men Short Sleeve Cotton Printed Orange Blue White Shirt,₹799,949
Hangup Printed Casual Daily Wear Shirt,₹699,1999
Hangup Printed Casual Daily Wear Shirt,₹699,1999
Hangup Printed Casual Daily Wear Shirt,₹699,1999
Mens Checks Hoodie Shirt,₹699,1399
Campus Sutra Men Blue & White Regular Fit Dyed Casual Shirt,₹878,1599
Hangup Solid Casual Shirt,₹699,999
Hangup Solid Casual Shirt,₹699,999
Comfort Pique Knit Black Shirt,₹699,1299
The Bear House Men'S Short Sleeves Printed Shirt,₹998,1995
Hangup Solid Casual Shirt,₹799,1599
Men Solid Casual Mandarin Shirt,₹674,1499
Campus Sutra Men Stylish Casual Shirt,₹824,1499
Style Quotient Mens White Floral Print Shirt,₹599,1499
Mens Checks Pocket Casual Shirt,₹699,1499
Campus Sutra Men Self Design Casual Shirt,₹849,1699
Tusok Men Short Sleeve Cotton Printed Brown Grey Strip Floral Shirt,₹799,949
Tusok Men Short Sleeve Cotton Printed White leafy Black Shirt,₹759,949
Campus Sutra Men Solid Stylish Half Sleeve Casual Shirts,₹674,1499
The Bear House Men'S Short Sleeves Printed Shirt,₹1097,1995
Men's White Checks Slim Fit Casual Shirt,₹799,1299
Tusok Men Short Sleeve Rayon Printed Leafy Grey Ash Shirt,₹799,949
The Bear House Men'S Short Sleeves Printed Shirt,₹698,1995
Men Navy Poplin Lycra Slim Fit Casual Shirt,₹699,1299
Campus Sutra Men Solid Full Sleeve Stylish Casual Shirts,₹749,1499
Campus Sutra Men Solid Full Sleeve Stylish Casual Shirts,₹749,1499
Campus Sutra Men Mandarin Collar Shirt,₹799,1599
Campus Sutra Men Checkered Casual Stylish Spread Shirt,₹749,1499
Men Self Design Stylish New Trends Casual Spread Shirt,₹719,1599
Mens Checks Colorblock Shirt,₹599,1499
The Bear House Men'S Short Sleeves Printed Shirt,₹798,1995
Men Checks Casual Stylish Spread Shirt,₹674,1499
The Bear House Men'S Short Sleeves Printed Shirt,₹1097,1995
The Bear House Printed Casual Shirt,₹1097,1995
Hangup Solid Casual Shirt,₹699,999
Tusok Men Short Sleeve Cotton Printed Mapple White Shirt,₹799,949
The Bear House Men'S Blue Printed Casual Shirt,₹798,1995
Fugazee Kyoto Oriental Printed Cuban Shirt,₹750,1499
Tusok Men Short Sleeve Cotton Printed Jaipuri Block Geometric Sea Green Shirt,₹759,949
Men Checks Casual Spread Shirt,₹879,1599
Style Quotient Mens Blue Floral Print Shirt,₹629,1499
The Bear House Men'S Short Sleeves Printed Shirt,₹798,1995
Style Quotient Mens Navy Blue Floral Print Shirt,₹629,1499
Campus Sutra Men Stylish Graphic Casaul Shirts,₹824,1499
The Bear House Men'S Black Printed Floral Shirt,₹1097,1995
Hangup Printed Casual Daily Wear Shirt,₹699,1999
The Bear House Printed Casual Shirt,₹1097,1995
Style Quotient Men White Solid Classic Casual Shirt,₹599,1299
Tusok Men Short Sleeve Cotton Printed Graphic Sky Blue Shirt,₹799,949
Tusok Men Short Sleeve Cotton Flower Leaf Printed Blue Brown Green Shirt,₹799,949
The Bear House Printed Casual Shirt,₹1097,1995
Men Checks Casual Spread Shirt,₹719,1599
Style Quotient Mens White Floral Print Shirt,₹529,1499
Men Checks Casual Stylish Spread Shirt,₹899,1499
Men White Poplin Lycra Slim Fit Casual Shirt,₹799,1299
Tusok Men Short Sleeve Cotton Printed Ship Scenery Scenic Sea Green Shirt,₹799,949
The Bear House Striped Casual Shirt,₹1097,1995
Men Floral Print Casual Spread Shirt,₹719,1599
Tusok Men Short Sleeve Cotton Printed Mapple Navy Blue Shirt,₹799,949
Tusok Men Short Sleeve Cotton Printed Yatch Boat Red White Shirt,₹799,949
The Bear House Men'S Short Sleeves Printed Shirt,₹798,1995
Tusok Men Short Sleeve Cotton Printed Green Leafy Beige Shirt,₹799,949
Men's Beige Casual Twill Over Dyed Slim Fit Shirts,₹799,1299
BK Donald Half Sleeve Shirt,₹899,1399
Campus Sutra Men Checks Stylish Casual Shirts,₹799,1599
The Bear House Men'S Short Sleeves Printed Shirt,₹998,1995
Campus Sutra Men Solid Stylish Half Sleeve Casual Shirts,₹674,1499
Style Quotient Mens Blue Floral Print Shirt,₹599,1499
Tusok Men Short Sleeve Rayon Printed Black Yellow Shirt,₹799,949
Comfort Pique Knit Bottle Green Shirt,₹699,1299
Men Checks Casual Spread Shirt,₹769,1399
Tusok Men Short Sleeve Cotton Printed Turquoise White Shirt,₹799,949
Tusok Men Short Sleeve Cotton Printed Yellow Fruit Lemon Shirt,₹799,949
Tusok Men Short Sleeve Cotton Printed Tilted Fish Shirt,₹759,949
Tusok Men Short Sleeve Cotton Printed Pineapple Multicolor Blue Shirt,₹759,949
Tusok Men Short Sleeve Cotton Printed Palm Tree Sky Blue Shirt,₹759,949
Tusok Men Short Sleeve Cotton Printed Cactus Teal Green Shirt,₹759,949
Tusok Men Short Sleeve Cotton Printed Sea Wave Graphics on Blue Shirt,₹759,949
Tusok Men Short Sleeve Cotton Printed Red floral on Beige Shirt,₹759,949
Tusok Men Short Sleeve Cotton Printed Cream Brown Leafy Shirt,₹759,949
Tusok Men Short Sleeve Cotton Printed African Graphic Teal Green Shirt,₹759,949
Campus Sutra Men Polo Checkered Casual Cyan Yellow Shirt,₹879,1599
Campus Sutra Men Stylish Striped Casaul Shirts,₹879,1599
The Bear House Men'S Short Sleeves Printed Shirt,₹738,1995
The Bear House Men'S Short Sleeves Printed Shirt,₹898,1995
Men Striped Casual Spread Shirt,₹674,1499
Tusok Men Short Sleeve Cotton Printed Palm Tree Pink Peach Shirt,₹799,949
Fugazee Denim Shirt With Contrast Mock Pocket,₹700,1999
The Bear House Men's Printed Bowling Collar Shirt,₹1097,1995
The Bear House Men's Printed Bowling Collar Shirt,₹1097,1995
Tusok Men Full Sleeve Cotton Printed Pink Blue Shirt,₹799,949
Campus Sutra Men Casual Shirts,₹799,1599
Men's Navy Slim Fit Casual Check Shirt,₹799,1299
Tusok Men Short Sleeve Cotton Printed White Graphical Surfer Shirt,₹799,949
Campus Sutra Men Stylish Casual Shirt,₹749,1499
Campus Sutra Men Stylish Casual Shirt,₹749,1499
Campus Sutra Men Stylish Casual Shirt,₹749,1499
Campus Sutra Men Stylish Casual Shirt,₹674,1499
Hangup Printed Casual Daily Wear Shirt,₹699,1999
Hangup Printed Casual Daily Wear Shirt,₹699,1999
Style Quotient Men Navy Blue & Grey Checked Smart Shirt,₹649,1499
Tusok Men Short Sleeve Cotton Printed Brown White Shirt,₹799,949
Tusok Men Short Sleeve Cotton Printed Jaipuri Block Geometric Yellow Shirt,₹799,949
The Bear House Printed Casual Shirt,₹998,1995
The Bear House Men'S Green Double Pocket Overshirt,₹1258,2795
Tusok Men Short Sleeve Cotton Printed Green Camouflage Shirt,₹799,949
Tusok Men Short Sleeve Cotton Printed Leaf Pineapple Fruit Blue Shirt,₹799,949
Men Full Sleeve Spread Collar Checks Stylish Casual Shirts,₹879,1599
Campus Sutra Men Pink Regular Fit Self Design Cotton Casual Shirt,₹824,1499
Campus Sutra Men Solid Full Sleeve Stylish Casual Shirts,₹899,1499
Tusok Men Short Sleeve Cotton Printed Red Pineapple Cream Shirt,₹799,949
Tusok Men Short Sleeve Cotton Printed White Blue Leafy Floral Shirt,₹799,949
Tusok Men Short Sleeve Cotton Printed Red Blue on White Shirt,₹799,949
Tusok Men Short Sleeve Rayon Printed Leafy Pink Shirt,₹799,949
Tusok Men Short Sleeve Cotton Printed White Green Floral Shirt,₹799,949
The Bear House Men'S Short Sleeves Printed Shirt,₹898,1995
Tusok Men Short Sleeve Cotton Printed Multicolor White Shirt,₹799,949
Hangup Solid Casual Shirt,₹699,999
Hangup Printed Casual Daily Wear Shirt,₹599,1199
Hangup Printed Casual Daily Wear Shirt,₹599,1199
Hangup Printed Casual Daily Wear Shirt,₹599,1199
Hangup Printed Casual Daily Wear Shirt,₹599,1199
Campus Sutra Men Casual Shirts,₹749,1499
Campus Sutra Men Checks Casual Shirt,₹749,1499
Campus Sutra Men Solid Full Sleeve Stylish Casual Shirts,₹749,1499
Tusok Men Short Sleeve Cotton Printed Lemon Orange Yellow Sky Blue Shirt,₹799,949
Tusok Men Short Sleeve Cotton Printed Graphic Pink Shirt,₹799,949
Tusok Men Short Sleeve Cotton Printed Grey Blue Linen Shirt,₹799,949
The Bear House Men's Printed Bowling Collar Shirt,₹898,1995
Men Pink Poplin Lycra Slim Fit Casual Shirt,₹799,1299
Men Solid Stylish New Trends Casual Mandarin Shirt,₹674,1499
Hangup Printed Casual Daily Wear Shirt,₹699,1999
Hangup Printed Casual Daily Wear Shirt,₹599,1199
Hangup Printed Casual Daily Wear Shirt,₹599,1199
Style Quotient Mens Blue Solid Shirt,₹629,1299
Style Quotient Men Cream-Coloured & Blue Checked Smart Shirt,₹649,1499
Tusok Men Short Sleeve Cotton Printed Jaipuri Block  Brown Mustard Camel Animal Shirt,₹759,949
Men's Black Casual Slim Fit Corduroy Shirts,₹799,1299
Black Poplin Lycra Slim Fit Casual Shirt,₹749,1299
Men's Navy Casual Twill Over Dyed Slim Fit Shirts,₹799,1299
White Stripe Slim Fit Casual Shirt,₹749,1299
Dark Grey Casual Slim Fit Over Dyed Shirt,₹749,1299
Men Checks Purple Casual Spread Shirt,₹879,1599
Men Printed Casual Slim Shirt,₹719,1599
Hangup Printed Casual Daily Wear Shirt,₹699,1999
Hangup Printed Casual Daily Wear Shirt,₹699,1999
Hangup Printed Casual Daily Wear Shirt,₹699,1999
Campus Sutra Men Checks Stylish Casual Shirts,₹879,1599
The Bear House Men's Blue Denim One Pocket Shirt,₹1258,2795
The Bear House Printed Casual Shirt,₹958,1995
Campus Sutra Men Striped Stylish Half Sleeve Casual Shirts,₹749,1499
The Bear House Men'S Blue Checkered Casual Shirt,₹998,2495
Hangup Printed Casual Daily Wear Shirt,₹699,1999
Campus Sutra Men Solid Full Sleeve Chinese Collar Stylish Casual Shirts,₹749,1499
The Bear House Striped Casual Shirt,₹1097,1995
Tusok Men Short Sleeve Cotton Printed Mustard Yellow Shirt,₹799,949
Tusok Men Short Sleeve Cotton Printed Teal Self Shirt,₹799,949
Tusok Men Short Sleeve Cotton Printed Kingfisher Bird White Shirt,₹799,949
Tusok Men Short Sleeve Cotton Printed Blue Flower off white Shirt,₹799,949
The Bear House Men'S Green Double Pocket Overshirt,₹1118,2795
Men Striped Casual Spread Shirt,₹719,1599
Campus Sutra Men Casual Shirts,₹799,1599
Campus Sutra Men Checks Full Sleeve Stylish Casual Shirts,₹959,1599
Campus Sutra Men Full Sleeve Graphic Design Stylish Casual Shirts,₹959,1599
Campus Sutra Men Full Sleeve Graphic Design Stylish Casual Shirts,₹959,1599
Campus Sutra Men Full Sleeve Polka Dots Design Stylish Casual Shirts,₹959,1599
Campus Sutra Men Colourblocked  Full Sleeve Casual Shirts,₹959,1599
Campus Sutra Men Solid Full Sleeve Stylish Casual Shirts,₹899,1499
Campus Sutra Men Solid Full Sleeve Stylish Casual Shirts,₹899,1499
Campus Sutra Men Full Sleeve Checkered Casual Shirt,₹959,1599
Campus Sutra Men Solid Full Sleeve Casual Shirt,₹959,1599
Campus Sutra Men Graphic Print Half Sleeve Casual Shirts,₹719,1199
Campus Sutra Men Solid Stylish Full Sleeve Casual Shirts,₹899,1499
Campus Sutra Men Stylish Solid Full Sleeve Casual Shirts,₹899,1499
Campus Sutra Men Stylish Striped Full Sleeve Casual Shirts,₹959,1599
Men's Half Sleeves Printed Shirt,₹799,1499
Men's Half Sleeves Printed Shirt,₹799,1499
Men's Printed Resort Collar Half Sleeves Shirt,₹799,1499
Men's Printed Resort Collar Half Sleeves Shirt,₹799,1499
Men's Printed Mandarin Collar Full Sleeves Shirt,₹899,1599
Men's Printed Mandarin Collar Full Sleeves Shirt,₹899,1599
Men's Printed Mandarin Collar Full Sleeves Shirt,₹899,1599
Men's Mandarin Collar Full Sleeves Shirt,₹899,1649
Men's Mandarin Collar Full Sleeves Shirt,₹899,1649
Men's Half Sleeves Printed Shirt,₹799,1499
Men's Half Sleeves Printed Shirt,₹799,1499
Men's Half Sleeves Printed Shirt,₹799,1499
Men's Half Sleeves Printed Shirt,₹799,1499
Men's Mandarin Collar Full Sleeves Shirt,₹899,1649
Men's Half Sleeves Printed Shirt,₹799,1499
Men's Printed Mandarin Collar Full Sleeves Shirt,₹899,1599
Mens Checks Double Pocket Shirt,₹749,1799
Mens Checks Hoodie Shirt,₹699,1399
Iron Face Half Sleeve T-Shirt (AVL) Black,₹349,799
Navy Blue Full Sleeve Henley T-Shirt,₹349,499
Jet Black Half Sleeve T-Shirt,₹349,399
Higher Life Form Half Sleeve T-Shirt,₹299,799
Navy Blue Half Sleeve T-Shirt,₹349,399
White Half Sleeve T-Shirt,₹349,399
Cap Shield Half Sleeve T-Shirt (AVL),₹299,799
Sacrifice Half Sleeve T-Shirt Black,₹299,799
Mickey Trio Call Half Sleeve T-Shirt (DL),₹399,499
Sacrifice Full Sleeve T-Shirt Navy Blue,₹399,799
Logo Batman Glow In Dark Half Sleeve T-Shirt (BML) ,₹329,499
Hell No Monday Half Sleeve T-Shirt Navy Blue,₹399,799
Spirit Maintenance Half Sleeve T-Shirt Oxyfire,₹399,799
Adventure Time! Half Sleeve T-Shirt,₹349,799
Freedom Feather Half Sleeve T-Shirt Black ,₹329,799
My Ride Half Sleeve T-Shirt Oxyfire,₹399,799
Meteor Grey Half Sleeve T-Shirt,₹349,399
Insta Story Half Sleeve T-Shirt Oxyfire,₹399,799
White Contrast Sleeve Polo,₹649,1199
Conquer Strip Half Sleeve T-Shirt Navy Blue,₹399,499
Hell No Monday Half Sleeve T-Shirt Black ,₹399,799
Freedom Feather Half Sleeve T-Shirt Bold Red ,₹399,799
Do It Red Half Sleeve T-Shirt Navy Blue,₹399,799
Karma Cycle Half Sleeve T-Shirt Black,₹299,499
Avengers All Stars Half Sleeve T-Shirt Black (AVL),₹399,899
My Ride Half Sleeve T-Shirt White,₹399,799
Iron Man Of War Half Sleeve T-Shirt (AVL),₹399,499
Mickey Trio Call Half Sleeve T-Shirt (DL),₹329,499
Tropical Blue Half Sleeve T-Shirt,₹349,399
Lost Mountains Half Sleeve T-Shirt,₹399,499
Never Mind Stripe Half Sleeve T-Shirt White ,₹399,799
Blue Vibes Full Sleeve T-Shirt Black,₹399,599
Helmet Boxing Half Sleeve T-Shirt,₹399,799
Great Hoon Half Sleeve T-Shirt Navy Blue,₹349,799
Definitely Not 7 Half Sleeve T-Shirt Navy Blue,₹399,799
White No More AOP Half Sleeve T-Shirt,₹499,899
Definitely Not 7 Half Sleeve T-Shirt,₹329,799
Black Contrast Sleeve Polo,₹649,1199
Olive Green Full Sleeve Raglan T-Shirt,₹499,899
Joker Cards Half Sleeve T-Shirt (BML),₹349,499
Legend 24 Half Sleeve T-Shirt,₹299,999
Lost In Time Half Sleeve T-Shirt,₹349,499
Bubble Gum Henley Raglan T-Shirt,₹329,799
Best Motivation Half Sleeve T-Shirt White,₹399,799
Dab Marshmello Half Sleeve T-Shirt,₹349,499
Pineapple Yellow White & Black 90's Vibe Panel T-Shirt,₹349,499
Constellation AOP Half Sleeve T-Shirt,₹349,799
Sunset Block Half Sleeve T-Shirt,₹399,499
Logo Batman Glow In Dark Half Sleeve T-Shirt (BML),₹399,499
Make Tracks Half Sleeve T-Shirt Black,₹399,799
Absolutely Awesome Bunny Half Sleeve T-Shirt (LTL) White,₹299,499
Mickey Silhouette Half Sleeves AOP T-Shirt(DL),₹499,799
Dreamer Tom Half Sleeve T-Shirt (TJL),₹399,799
Save Our Home Half Sleeve T-Shirt,₹399,499
More Memories Half Sleeve T-Shirt Navy Blue,₹399,499
Young Forever Side Half Sleeve T-Shirt-White,₹349,499
Save It Anyhow Half Sleeve T-Shirt Navy Blue,₹399,799
Funk Peace Half Sleeve T-Shirt White,₹329,799
Certified Troublemakers Half Sleeve T-Shirt (TJL) Black,₹399,499
Pocket Jerry Half Sleeve T-Shirt (TJL),₹399,499
Olive Camo Sleeve Raglan Camo T-Shirt,₹499,899
Peace Out Astronaut Half Sleeve T-Shirt Black,₹399,499
Navy Shoulder Stripe Polo,₹699,1299
Caution Half Sleeve T-Shirt,₹349,799
Bubble Gum Three Panel Color Block T-Shirt,₹399,799
Cherry Red Half Sleeve T-Shirt,₹349,499
Goofy Mickey Pocket Half Sleeve T-Shirt (DL) White,₹299,499
Bold Red Half Sleeve T-Shirt,₹349,399
Wilderness Half Sleeve T-Shirt Navy Blue,₹399,499
Toxic Human Half Sleeve T-Shirt Black,₹399,499
Worthy Half Sleeve T-Shirt (AVEGL),₹349,499
Avengers All Stars Half Sleeve T-Shirt White (AVL),₹349,899
Doctor Sleeves Hoodie T-Shirt,₹399,1299
Young Forever Half Sleeve T-Shirt,₹399,499
Ceylon Yellow - Pageant Blue Raglan Full Sleeve Henley,₹399,999
Seashell Pink Contrast Sleeve Polo,₹649,1199
Beach Blue Half Sleeve T-Shirt,₹349,699
Rare AF Half Sleeves Plus Size Printed T-Shirt,₹449,899
White Glitch Blocks AOP Half Sleeve T-Shirt,₹499,899
Crazy Panda Half Sleeve T-Shirt Pineapple Yellow ,₹399,999
White Contrast Sleeve Raglan T-Shirt,₹349,899
Bleh Blah Half Sleeve T-Shirt,₹399,799
Pop Hope Full Sleeve T-Shirt White,₹399,599
No Excuses Block Half Sleeve T-Shirt Black,₹399,499
Retro Red Stripe AOP T-Shirt,₹399,799
Olive Camo Sleeve Color Block Camo T-Shirt,₹499,899
Pocket Joint Sun Active T-Shirt,₹349,399
Bold Red Half Sleeve Plus Size T-Shirt,₹399,799
Travel Buddies Half Sleeve T-Shirt (DL),₹399,799
